order_id,order_placement_date,customer_id,product_id,order_qty,agreed_delivery_date,actual_delivery_date,delivery_qty,in_full,on_time,on_time_in_full,customer_name,city,product_name,category,ontime_target_percent,infull_target_percent,otif_target_percent,actual_delivery_date_formatted
FMR32202603,01-Mar-22,789202,25891103,389,02-Mar-22,02-Mar-22,370,0,1,0,Rel Fresh,Ahmedabad,AM Milk 100,Dairy,85,81,69,2022-03-02
FMR35201401,04-Mar-22,789201,25891103,373,05-Mar-22,04-Mar-22,373,1,1,1,Rel Fresh,Surat,AM Milk 100,Dairy,87,81,70,2022-03-04
FMR35202601,03-Mar-22,789202,25891103,335,05-Mar-22,05-Mar-22,318,0,1,0,Rel Fresh,Ahmedabad,AM Milk 100,Dairy,85,81,69,2022-03-05
FMR36202402,05-Mar-22,789202,25891103,302,06-Mar-22,06-Mar-22,302,1,1,1,Rel Fresh,Ahmedabad,AM Milk 100,Dairy,85,81,69,2022-03-06
FMR39203103,07-Mar-22,789203,25891103,410,09-Mar-22,08-Mar-22,410,1,1,1,Rel Fresh,Vadodara,AM Milk 100,Dairy,92,76,70,2022-03-08
FMR38202103,06-Mar-22,789202,25891103,361,08-Mar-22,09-Mar-22,361,1,0,1,Rel Fresh,Ahmedabad,AM Milk 100,Dairy,85,81,69,2022-03-09
FMR310202603,09-Mar-22,789202,25891103,491,10-Mar-22,10-Mar-22,491,1,1,1,Rel Fresh,Ahmedabad,AM Milk 100,Dairy,85,81,69,2022-03-10
FMR312203103,09-Mar-22,789203,25891103,447,12-Mar-22,12-Mar-22,402,0,1,0,Rel Fresh,Vadodara,AM Milk 100,Dairy,92,76,70,2022-03-12
FMR313202303,11-Mar-22,789202,25891103,351,13-Mar-22,13-Mar-22,351,1,1,1,Rel Fresh,Ahmedabad,AM Milk 100,Dairy,85,81,69,2022-03-13
FMR313203103,11-Mar-22,789203,25891103,383,13-Mar-22,13-Mar-22,383,1,1,1,Rel Fresh,Vadodara,AM Milk 100,Dairy,92,76,70,2022-03-13
FMR314203503,13-Mar-22,789203,25891103,354,14-Mar-22,14-Mar-22,354,1,1,1,Rel Fresh,Vadodara,AM Milk 100,Dairy,92,76,70,2022-03-14
FMR313201103,11-Mar-22,789201,25891103,495,13-Mar-22,14-Mar-22,495,1,0,1,Rel Fresh,Surat,AM Milk 100,Dairy,87,81,70,2022-03-14
FMR316203401,14-Mar-22,789203,25891103,485,16-Mar-22,16-Mar-22,485,1,1,1,Rel Fresh,Vadodara,AM Milk 100,Dairy,92,76,70,2022-03-16
FMR316201503,15-Mar-22,789201,25891103,437,16-Mar-22,16-Mar-22,437,1,1,1,Rel Fresh,Surat,AM Milk 100,Dairy,87,81,70,2022-03-16
FMR318201501,16-Mar-22,789201,25891103,422,18-Mar-22,18-Mar-22,380,0,1,0,Rel Fresh,Surat,AM Milk 100,Dairy,87,81,70,2022-03-18
FMR319201402,16-Mar-22,789201,25891103,303,19-Mar-22,19-Mar-22,273,0,1,0,Rel Fresh,Surat,AM Milk 100,Dairy,87,81,70,2022-03-19
FMR319203603,16-Mar-22,789203,25891103,454,19-Mar-22,19-Mar-22,454,1,1,1,Rel Fresh,Vadodara,AM Milk 100,Dairy,92,76,70,2022-03-19
FMR320203303,18-Mar-22,789203,25891103,310,20-Mar-22,20-Mar-22,279,0,1,0,Rel Fresh,Vadodara,AM Milk 100,Dairy,92,76,70,2022-03-20
FMR321203401,20-Mar-22,789203,25891103,317,21-Mar-22,21-Mar-22,317,1,1,1,Rel Fresh,Vadodara,AM Milk 100,Dairy,92,76,70,2022-03-21
FMR321201601,18-Mar-22,789201,25891103,422,21-Mar-22,21-Mar-22,422,1,1,1,Rel Fresh,Surat,AM Milk 100,Dairy,87,81,70,2022-03-21
FMR320201103,18-Mar-22,789201,25891103,323,20-Mar-22,21-Mar-22,323,1,0,1,Rel Fresh,Surat,AM Milk 100,Dairy,87,81,70,2022-03-21
FMR323203103,22-Mar-22,789203,25891103,307,23-Mar-22,22-Mar-22,307,1,1,1,Rel Fresh,Vadodara,AM Milk 100,Dairy,92,76,70,2022-03-22
FMR322203201,21-Mar-22,789203,25891103,372,22-Mar-22,22-Mar-22,372,1,1,1,Rel Fresh,Vadodara,AM Milk 100,Dairy,92,76,70,2022-03-22
FMR322201603,21-Mar-22,789201,25891103,444,22-Mar-22,22-Mar-22,444,1,1,1,Rel Fresh,Surat,AM Milk 100,Dairy,87,81,70,2022-03-22
FMR323201602,20-Mar-22,789201,25891103,464,23-Mar-22,23-Mar-22,464,1,1,1,Rel Fresh,Surat,AM Milk 100,Dairy,87,81,70,2022-03-23
FMR324203103,21-Mar-22,789203,25891103,329,24-Mar-22,24-Mar-22,296,0,1,0,Rel Fresh,Vadodara,AM Milk 100,Dairy,92,76,70,2022-03-24
FMR324202103,23-Mar-22,789202,25891103,431,24-Mar-22,25-Mar-22,431,1,0,1,Rel Fresh,Ahmedabad,AM Milk 100,Dairy,85,81,69,2022-03-25
FMR325203403,23-Mar-22,789203,25891103,484,25-Mar-22,25-Mar-22,387,0,1,0,Rel Fresh,Vadodara,AM Milk 100,Dairy,92,76,70,2022-03-25
FMR325202603,22-Mar-22,789202,25891103,395,25-Mar-22,27-Mar-22,395,1,0,1,Rel Fresh,Ahmedabad,AM Milk 100,Dairy,85,81,69,2022-03-27
FMR328201202,25-Mar-22,789201,25891103,300,28-Mar-22,28-Mar-22,300,1,1,1,Rel Fresh,Surat,AM Milk 100,Dairy,87,81,70,2022-03-28
FMR327202502,24-Mar-22,789202,25891103,320,27-Mar-22,29-Mar-22,320,1,0,1,Rel Fresh,Ahmedabad,AM Milk 100,Dairy,85,81,69,2022-03-29
FMR329201601,28-Mar-22,789201,25891103,388,29-Mar-22,29-Mar-22,388,1,1,1,Rel Fresh,Surat,AM Milk 100,Dairy,87,81,70,2022-03-29
FMR330203201,27-Mar-22,789203,25891103,336,30-Mar-22,30-Mar-22,302,0,1,0,Rel Fresh,Vadodara,AM Milk 100,Dairy,92,76,70,2022-03-30
FAP41201203,30-Mar-22,789201,25891103,368,01-Apr-22,01-Apr-22,368,1,1,1,Rel Fresh,Surat,AM Milk 100,Dairy,87,81,70,2022-04-01
FAP42201603,30-Mar-22,789201,25891103,430,02-Apr-22,02-Apr-22,430,1,1,1,Rel Fresh,Surat,AM Milk 100,Dairy,87,81,70,2022-04-02
FAP42203401,30-Mar-22,789203,25891103,389,02-Apr-22,02-Apr-22,389,1,1,1,Rel Fresh,Vadodara,AM Milk 100,Dairy,92,76,70,2022-04-02
FAP42202202,01-Apr-22,789202,25891103,448,02-Apr-22,02-Apr-22,448,1,1,1,Rel Fresh,Ahmedabad,AM Milk 100,Dairy,85,81,69,2022-04-02
FAP43201602,31-Mar-22,789201,25891103,369,03-Apr-22,03-Apr-22,369,1,1,1,Rel Fresh,Surat,AM Milk 100,Dairy,87,81,70,2022-04-03
FAP41203103,30-Mar-22,789203,25891103,467,01-Apr-22,03-Apr-22,467,1,0,1,Rel Fresh,Vadodara,AM Milk 100,Dairy,92,76,70,2022-04-03
FAP44202402,01-Apr-22,789202,25891103,364,04-Apr-22,04-Apr-22,364,1,1,1,Rel Fresh,Ahmedabad,AM Milk 100,Dairy,85,81,69,2022-04-04
FAP43202103,01-Apr-22,789202,25891103,395,03-Apr-22,04-Apr-22,375,0,0,0,Rel Fresh,Ahmedabad,AM Milk 100,Dairy,85,81,69,2022-04-04
FAP45202103,04-Apr-22,789202,25891103,421,05-Apr-22,06-Apr-22,400,0,0,0,Rel Fresh,Ahmedabad,AM Milk 100,Dairy,85,81,69,2022-04-06
FAP45201103,03-Apr-22,789201,25891103,462,05-Apr-22,06-Apr-22,370,0,0,0,Rel Fresh,Surat,AM Milk 100,Dairy,87,81,70,2022-04-06
FAP47203103,05-Apr-22,789203,25891103,311,07-Apr-22,07-Apr-22,311,1,1,1,Rel Fresh,Vadodara,AM Milk 100,Dairy,92,76,70,2022-04-07
FAP49201301,07-Apr-22,789201,25891103,469,09-Apr-22,08-Apr-22,469,1,1,1,Rel Fresh,Surat,AM Milk 100,Dairy,87,81,70,2022-04-08
FAP49202603,07-Apr-22,789202,25891103,385,09-Apr-22,09-Apr-22,385,1,1,1,Rel Fresh,Ahmedabad,AM Milk 100,Dairy,85,81,69,2022-04-09
FAP410203103,08-Apr-22,789203,25891103,479,10-Apr-22,10-Apr-22,479,1,1,1,Rel Fresh,Vadodara,AM Milk 100,Dairy,92,76,70,2022-04-10
FAP411202103,08-Apr-22,789202,25891103,322,11-Apr-22,11-Apr-22,322,1,1,1,Rel Fresh,Ahmedabad,AM Milk 100,Dairy,85,81,69,2022-04-11
FAP411201501,09-Apr-22,789201,25891103,426,11-Apr-22,11-Apr-22,426,1,1,1,Rel Fresh,Surat,AM Milk 100,Dairy,87,81,70,2022-04-11
FAP412202302,10-Apr-22,789202,25891103,321,12-Apr-22,12-Apr-22,289,0,1,0,Rel Fresh,Ahmedabad,AM Milk 100,Dairy,85,81,69,2022-04-12
FAP412203602,09-Apr-22,789203,25891103,321,12-Apr-22,12-Apr-22,321,1,1,1,Rel Fresh,Vadodara,AM Milk 100,Dairy,92,76,70,2022-04-12
FAP413201603,10-Apr-22,789201,25891103,354,13-Apr-22,13-Apr-22,354,1,1,1,Rel Fresh,Surat,AM Milk 100,Dairy,87,81,70,2022-04-13
FAP413202601,11-Apr-22,789202,25891103,482,13-Apr-22,13-Apr-22,386,0,1,0,Rel Fresh,Ahmedabad,AM Milk 100,Dairy,85,81,69,2022-04-13
FAP414201401,12-Apr-22,789201,25891103,375,14-Apr-22,14-Apr-22,375,1,1,1,Rel Fresh,Surat,AM Milk 100,Dairy,87,81,70,2022-04-14
FAP415202103,13-Apr-22,789202,25891103,416,15-Apr-22,15-Apr-22,416,1,1,1,Rel Fresh,Ahmedabad,AM Milk 100,Dairy,85,81,69,2022-04-15
FAP416202103,15-Apr-22,789202,25891103,340,16-Apr-22,16-Apr-22,323,0,1,0,Rel Fresh,Ahmedabad,AM Milk 100,Dairy,85,81,69,2022-04-16
FAP417202502,14-Apr-22,789202,25891103,335,17-Apr-22,17-Apr-22,335,1,1,1,Rel Fresh,Ahmedabad,AM Milk 100,Dairy,85,81,69,2022-04-17
FAP416203103,13-Apr-22,789203,25891103,316,16-Apr-22,17-Apr-22,316,1,0,1,Rel Fresh,Vadodara,AM Milk 100,Dairy,92,76,70,2022-04-17
FAP418202601,16-Apr-22,789202,25891103,438,18-Apr-22,18-Apr-22,350,0,1,0,Rel Fresh,Ahmedabad,AM Milk 100,Dairy,85,81,69,2022-04-18
FAP419202103,18-Apr-22,789202,25891103,376,19-Apr-22,20-Apr-22,376,1,0,1,Rel Fresh,Ahmedabad,AM Milk 100,Dairy,85,81,69,2022-04-20
FAP420201603,19-Apr-22,789201,25891103,470,20-Apr-22,20-Apr-22,470,1,1,1,Rel Fresh,Surat,AM Milk 100,Dairy,87,81,70,2022-04-20
FAP421202502,19-Apr-22,789202,25891103,407,21-Apr-22,21-Apr-22,407,1,1,1,Rel Fresh,Ahmedabad,AM Milk 100,Dairy,85,81,69,2022-04-21
FAP422201603,21-Apr-22,789201,25891103,500,22-Apr-22,22-Apr-22,500,1,1,1,Rel Fresh,Surat,AM Milk 100,Dairy,87,81,70,2022-04-22
FAP423202103,22-Apr-22,789202,25891103,312,23-Apr-22,23-Apr-22,296,0,1,0,Rel Fresh,Ahmedabad,AM Milk 100,Dairy,85,81,69,2022-04-23
FAP423201103,22-Apr-22,789201,25891103,494,23-Apr-22,24-Apr-22,494,1,0,1,Rel Fresh,Surat,AM Milk 100,Dairy,87,81,70,2022-04-24
FAP424203302,21-Apr-22,789203,25891103,304,24-Apr-22,24-Apr-22,304,1,1,1,Rel Fresh,Vadodara,AM Milk 100,Dairy,92,76,70,2022-04-24
FAP425202301,22-Apr-22,789202,25891103,371,25-Apr-22,25-Apr-22,371,1,1,1,Rel Fresh,Ahmedabad,AM Milk 100,Dairy,85,81,69,2022-04-25
FAP426201302,24-Apr-22,789201,25891103,440,26-Apr-22,26-Apr-22,440,1,1,1,Rel Fresh,Surat,AM Milk 100,Dairy,87,81,70,2022-04-26
FAP425201103,24-Apr-22,789201,25891103,431,25-Apr-22,26-Apr-22,431,1,0,1,Rel Fresh,Surat,AM Milk 100,Dairy,87,81,70,2022-04-26
FAP426202601,25-Apr-22,789202,25891103,455,26-Apr-22,26-Apr-22,432,0,1,0,Rel Fresh,Ahmedabad,AM Milk 100,Dairy,85,81,69,2022-04-26
FAP427202502,25-Apr-22,789202,25891103,395,27-Apr-22,27-Apr-22,395,1,1,1,Rel Fresh,Ahmedabad,AM Milk 100,Dairy,85,81,69,2022-04-27
FAP428203503,25-Apr-22,789203,25891103,420,28-Apr-22,28-Apr-22,420,1,1,1,Rel Fresh,Vadodara,AM Milk 100,Dairy,92,76,70,2022-04-28
FAP429203602,27-Apr-22,789203,25891103,411,29-Apr-22,29-Apr-22,390,0,1,0,Rel Fresh,Vadodara,AM Milk 100,Dairy,92,76,70,2022-04-29
FAP429201103,28-Apr-22,789201,25891103,368,29-Apr-22,29-Apr-22,368,1,1,1,Rel Fresh,Surat,AM Milk 100,Dairy,87,81,70,2022-04-29
FMY51203103,28-Apr-22,789203,25891103,411,01-May-22,30-Apr-22,411,1,1,1,Rel Fresh,Vadodara,AM Milk 100,Dairy,92,76,70,2022-04-30
FAP430203103,29-Apr-22,789203,25891103,446,30-Apr-22,01-May-22,446,1,0,1,Rel Fresh,Vadodara,AM Milk 100,Dairy,92,76,70,2022-05-01
FMY52201603,29-Apr-22,789201,25891103,325,02-May-22,02-May-22,325,1,1,1,Rel Fresh,Surat,AM Milk 100,Dairy,87,81,70,2022-05-02
FMY53202601,30-Apr-22,789202,25891103,488,03-May-22,03-May-22,439,0,1,0,Rel Fresh,Ahmedabad,AM Milk 100,Dairy,85,81,69,2022-05-03
FMY54201602,01-May-22,789201,25891103,376,04-May-22,04-May-22,376,1,1,1,Rel Fresh,Surat,AM Milk 100,Dairy,87,81,70,2022-05-04
FMY54202503,01-May-22,789202,25891103,360,04-May-22,04-May-22,324,0,1,0,Rel Fresh,Ahmedabad,AM Milk 100,Dairy,85,81,69,2022-05-04
FMY52202103,30-Apr-22,789202,25891103,406,02-May-22,04-May-22,406,1,0,1,Rel Fresh,Ahmedabad,AM Milk 100,Dairy,85,81,69,2022-05-04
FMY55203403,04-May-22,789203,25891103,409,05-May-22,05-May-22,409,1,1,1,Rel Fresh,Vadodara,AM Milk 100,Dairy,92,76,70,2022-05-05
FMY55202502,03-May-22,789202,25891103,462,05-May-22,05-May-22,462,1,1,1,Rel Fresh,Ahmedabad,AM Milk 100,Dairy,85,81,69,2022-05-05
FMY56201403,04-May-22,789201,25891103,463,06-May-22,06-May-22,417,0,1,0,Rel Fresh,Surat,AM Milk 100,Dairy,87,81,70,2022-05-06
FMY56203303,03-May-22,789203,25891103,313,06-May-22,06-May-22,282,0,1,0,Rel Fresh,Vadodara,AM Milk 100,Dairy,92,76,70,2022-05-06
FMY57202402,06-May-22,789202,25891103,499,07-May-22,07-May-22,499,1,1,1,Rel Fresh,Ahmedabad,AM Milk 100,Dairy,85,81,69,2022-05-07
FMY57203603,05-May-22,789203,25891103,312,07-May-22,07-May-22,250,0,1,0,Rel Fresh,Vadodara,AM Milk 100,Dairy,92,76,70,2022-05-07
FMY58201603,05-May-22,789201,25891103,479,08-May-22,08-May-22,455,0,1,0,Rel Fresh,Surat,AM Milk 100,Dairy,87,81,70,2022-05-08
FMY58203303,07-May-22,789203,25891103,372,08-May-22,08-May-22,335,0,1,0,Rel Fresh,Vadodara,AM Milk 100,Dairy,92,76,70,2022-05-08
FMY59203602,08-May-22,789203,25891103,369,09-May-22,09-May-22,369,1,1,1,Rel Fresh,Vadodara,AM Milk 100,Dairy,92,76,70,2022-05-09
FMY510202403,08-May-22,789202,25891103,435,10-May-22,10-May-22,413,0,1,0,Rel Fresh,Ahmedabad,AM Milk 100,Dairy,85,81,69,2022-05-10
FMY512201103,11-May-22,789201,25891103,422,12-May-22,11-May-22,422,1,1,1,Rel Fresh,Surat,AM Milk 100,Dairy,87,81,70,2022-05-11
FMY511203503,08-May-22,789203,25891103,323,11-May-22,11-May-22,307,0,1,0,Rel Fresh,Vadodara,AM Milk 100,Dairy,92,76,70,2022-05-11
FMY513203602,12-May-22,789203,25891103,440,13-May-22,13-May-22,352,0,1,0,Rel Fresh,Vadodara,AM Milk 100,Dairy,92,76,70,2022-05-13
FMY514203103,12-May-22,789203,25891103,378,14-May-22,15-May-22,340,0,0,0,Rel Fresh,Vadodara,AM Milk 100,Dairy,92,76,70,2022-05-15
FMY515201601,13-May-22,789201,25891103,335,15-May-22,15-May-22,335,1,1,1,Rel Fresh,Surat,AM Milk 100,Dairy,87,81,70,2022-05-15
FMY516202502,14-May-22,789202,25891103,364,16-May-22,16-May-22,328,0,1,0,Rel Fresh,Ahmedabad,AM Milk 100,Dairy,85,81,69,2022-05-16
FMY517201602,15-May-22,789201,25891103,306,17-May-22,17-May-22,306,1,1,1,Rel Fresh,Surat,AM Milk 100,Dairy,87,81,70,2022-05-17
FMY518202103,16-May-22,789202,25891103,360,18-May-22,18-May-22,360,1,1,1,Rel Fresh,Ahmedabad,AM Milk 100,Dairy,85,81,69,2022-05-18
FMY515202103,13-May-22,789202,25891103,306,15-May-22,18-May-22,306,1,0,1,Rel Fresh,Ahmedabad,AM Milk 100,Dairy,85,81,69,2022-05-18
FMY519201603,18-May-22,789201,25891103,414,19-May-22,19-May-22,414,1,1,1,Rel Fresh,Surat,AM Milk 100,Dairy,87,81,70,2022-05-19
FMY520202502,19-May-22,789202,25891103,476,20-May-22,20-May-22,476,1,1,1,Rel Fresh,Ahmedabad,AM Milk 100,Dairy,85,81,69,2022-05-20
FMY519202502,18-May-22,789202,25891103,369,19-May-22,20-May-22,369,1,0,1,Rel Fresh,Ahmedabad,AM Milk 100,Dairy,85,81,69,2022-05-20
FMY521203402,19-May-22,789203,25891103,379,21-May-22,21-May-22,379,1,1,1,Rel Fresh,Vadodara,AM Milk 100,Dairy,92,76,70,2022-05-21
FMY520203103,19-May-22,789203,25891103,477,20-May-22,21-May-22,477,1,0,1,Rel Fresh,Vadodara,AM Milk 100,Dairy,92,76,70,2022-05-21
FMY522201502,20-May-22,789201,25891103,330,22-May-22,22-May-22,264,0,1,0,Rel Fresh,Surat,AM Milk 100,Dairy,87,81,70,2022-05-22
FMY523202601,22-May-22,789202,25891103,442,23-May-22,23-May-22,442,1,1,1,Rel Fresh,Ahmedabad,AM Milk 100,Dairy,85,81,69,2022-05-23
FMY524202603,22-May-22,789202,25891103,439,24-May-22,24-May-22,439,1,1,1,Rel Fresh,Ahmedabad,AM Milk 100,Dairy,85,81,69,2022-05-24
FMY522202103,21-May-22,789202,25891103,303,22-May-22,24-May-22,303,1,0,1,Rel Fresh,Ahmedabad,AM Milk 100,Dairy,85,81,69,2022-05-24
FMY524201603,21-May-22,789201,25891103,457,24-May-22,25-May-22,457,1,0,1,Rel Fresh,Surat,AM Milk 100,Dairy,87,81,70,2022-05-25
FMY525201601,22-May-22,789201,25891103,356,25-May-22,25-May-22,356,1,1,1,Rel Fresh,Surat,AM Milk 100,Dairy,87,81,70,2022-05-25
FMY526202403,25-May-22,789202,25891103,321,26-May-22,26-May-22,321,1,1,1,Rel Fresh,Ahmedabad,AM Milk 100,Dairy,85,81,69,2022-05-26
FMY527203103,26-May-22,789203,25891103,483,27-May-22,27-May-22,483,1,1,1,Rel Fresh,Vadodara,AM Milk 100,Dairy,92,76,70,2022-05-27
FMY527202103,24-May-22,789202,25891103,315,27-May-22,27-May-22,315,1,1,1,Rel Fresh,Ahmedabad,AM Milk 100,Dairy,85,81,69,2022-05-27
FMY528201502,27-May-22,789201,25891103,427,28-May-22,28-May-22,427,1,1,1,Rel Fresh,Surat,AM Milk 100,Dairy,87,81,70,2022-05-28
FMY527201103,26-May-22,789201,25891103,334,27-May-22,28-May-22,301,0,0,0,Rel Fresh,Surat,AM Milk 100,Dairy,87,81,70,2022-05-28
FMY530201103,27-May-22,789201,25891103,325,30-May-22,30-May-22,293,0,1,0,Rel Fresh,Surat,AM Milk 100,Dairy,87,81,70,2022-05-30
FMY531201502,30-May-22,789201,25891103,397,31-May-22,31-May-22,377,0,1,0,Rel Fresh,Surat,AM Milk 100,Dairy,87,81,70,2022-05-31
FMY531202303,29-May-22,789202,25891103,308,31-May-22,31-May-22,308,1,1,1,Rel Fresh,Ahmedabad,AM Milk 100,Dairy,85,81,69,2022-05-31
FJUN62201603,30-May-22,789201,25891103,339,02-Jun-22,02-Jun-22,339,1,1,1,Rel Fresh,Surat,AM Milk 100,Dairy,87,81,70,2022-06-02
FJUN62203501,01-Jun-22,789203,25891103,432,02-Jun-22,02-Jun-22,410,0,1,0,Rel Fresh,Vadodara,AM Milk 100,Dairy,92,76,70,2022-06-02
FJUN61202103,29-May-22,789202,25891103,479,01-Jun-22,03-Jun-22,431,0,0,0,Rel Fresh,Ahmedabad,AM Milk 100,Dairy,85,81,69,2022-06-03
FJUN63202503,31-May-22,789202,25891103,313,03-Jun-22,03-Jun-22,313,1,1,1,Rel Fresh,Ahmedabad,AM Milk 100,Dairy,85,81,69,2022-06-03
FJUN64203103,03-Jun-22,789203,25891103,407,04-Jun-22,05-Jun-22,366,0,0,0,Rel Fresh,Vadodara,AM Milk 100,Dairy,92,76,70,2022-06-05
FJUN65202501,03-Jun-22,789202,25891103,307,05-Jun-22,05-Jun-22,307,1,1,1,Rel Fresh,Ahmedabad,AM Milk 100,Dairy,85,81,69,2022-06-05
FJUN65203302,04-Jun-22,789203,25891103,361,05-Jun-22,05-Jun-22,361,1,1,1,Rel Fresh,Vadodara,AM Milk 100,Dairy,92,76,70,2022-06-05
FJUN66203601,03-Jun-22,789203,25891103,355,06-Jun-22,06-Jun-22,355,1,1,1,Rel Fresh,Vadodara,AM Milk 100,Dairy,92,76,70,2022-06-06
FJUN66201502,03-Jun-22,789201,25891103,474,06-Jun-22,06-Jun-22,474,1,1,1,Rel Fresh,Surat,AM Milk 100,Dairy,87,81,70,2022-06-06
FJUN65201103,02-Jun-22,789201,25891103,426,05-Jun-22,06-Jun-22,426,1,0,1,Rel Fresh,Surat,AM Milk 100,Dairy,87,81,70,2022-06-06
FJUN67202501,05-Jun-22,789202,25891103,442,07-Jun-22,07-Jun-22,442,1,1,1,Rel Fresh,Ahmedabad,AM Milk 100,Dairy,85,81,69,2022-06-07
FJUN68203603,06-Jun-22,789203,25891103,440,08-Jun-22,08-Jun-22,352,0,1,0,Rel Fresh,Vadodara,AM Milk 100,Dairy,92,76,70,2022-06-08
FJUN69201601,08-Jun-22,789201,25891103,493,09-Jun-22,09-Jun-22,493,1,1,1,Rel Fresh,Surat,AM Milk 100,Dairy,87,81,70,2022-06-09
FJUN69203602,07-Jun-22,789203,25891103,369,09-Jun-22,09-Jun-22,295,0,1,0,Rel Fresh,Vadodara,AM Milk 100,Dairy,92,76,70,2022-06-09
FJUN68201103,07-Jun-22,789201,25891103,465,08-Jun-22,10-Jun-22,419,0,0,0,Rel Fresh,Surat,AM Milk 100,Dairy,87,81,70,2022-06-10
FJUN610202601,07-Jun-22,789202,25891103,350,10-Jun-22,10-Jun-22,350,1,1,1,Rel Fresh,Ahmedabad,AM Milk 100,Dairy,85,81,69,2022-06-10
FJUN610203503,09-Jun-22,789203,25891103,453,10-Jun-22,10-Jun-22,453,1,1,1,Rel Fresh,Vadodara,AM Milk 100,Dairy,92,76,70,2022-06-10
FJUN611202402,10-Jun-22,789202,25891103,475,11-Jun-22,11-Jun-22,451,0,1,0,Rel Fresh,Ahmedabad,AM Milk 100,Dairy,85,81,69,2022-06-11
FJUN612203401,11-Jun-22,789203,25891103,311,12-Jun-22,12-Jun-22,311,1,1,1,Rel Fresh,Vadodara,AM Milk 100,Dairy,92,76,70,2022-06-12
FJUN612201603,10-Jun-22,789201,25891103,365,12-Jun-22,12-Jun-22,365,1,1,1,Rel Fresh,Surat,AM Milk 100,Dairy,87,81,70,2022-06-12
FJUN613201203,12-Jun-22,789201,25891103,446,13-Jun-22,13-Jun-22,446,1,1,1,Rel Fresh,Surat,AM Milk 100,Dairy,87,81,70,2022-06-13
FJUN613203403,12-Jun-22,789203,25891103,498,13-Jun-22,13-Jun-22,498,1,1,1,Rel Fresh,Vadodara,AM Milk 100,Dairy,92,76,70,2022-06-13
FJUN614201503,11-Jun-22,789201,25891103,366,14-Jun-22,14-Jun-22,366,1,1,1,Rel Fresh,Surat,AM Milk 100,Dairy,87,81,70,2022-06-14
FJUN616202103,15-Jun-22,789202,25891103,455,16-Jun-22,15-Jun-22,455,1,1,1,Rel Fresh,Ahmedabad,AM Milk 100,Dairy,85,81,69,2022-06-15
FJUN616203203,14-Jun-22,789203,25891103,450,16-Jun-22,16-Jun-22,405,0,1,0,Rel Fresh,Vadodara,AM Milk 100,Dairy,92,76,70,2022-06-16
FJUN617203603,15-Jun-22,789203,25891103,493,17-Jun-22,17-Jun-22,493,1,1,1,Rel Fresh,Vadodara,AM Milk 100,Dairy,92,76,70,2022-06-17
FJUN618201103,17-Jun-22,789201,25891103,421,18-Jun-22,17-Jun-22,421,1,1,1,Rel Fresh,Surat,AM Milk 100,Dairy,87,81,70,2022-06-17
FJUN616201403,13-Jun-22,789201,25891103,318,16-Jun-22,17-Jun-22,318,1,0,1,Rel Fresh,Surat,AM Milk 100,Dairy,87,81,70,2022-06-17
FJUN620202103,17-Jun-22,789202,25891103,497,20-Jun-22,19-Jun-22,497,1,1,1,Rel Fresh,Ahmedabad,AM Milk 100,Dairy,85,81,69,2022-06-19
FJUN619202601,18-Jun-22,789202,25891103,469,19-Jun-22,19-Jun-22,469,1,1,1,Rel Fresh,Ahmedabad,AM Milk 100,Dairy,85,81,69,2022-06-19
FJUN619203103,18-Jun-22,789203,25891103,388,19-Jun-22,19-Jun-22,349,0,1,0,Rel Fresh,Vadodara,AM Milk 100,Dairy,92,76,70,2022-06-19
FJUN621202103,20-Jun-22,789202,25891103,466,21-Jun-22,20-Jun-22,419,0,1,0,Rel Fresh,Ahmedabad,AM Milk 100,Dairy,85,81,69,2022-06-20
FJUN621203502,18-Jun-22,789203,25891103,478,21-Jun-22,21-Jun-22,478,1,1,1,Rel Fresh,Vadodara,AM Milk 100,Dairy,92,76,70,2022-06-21
FJUN622203501,19-Jun-22,789203,25891103,450,22-Jun-22,22-Jun-22,360,0,1,0,Rel Fresh,Vadodara,AM Milk 100,Dairy,92,76,70,2022-06-22
FJUN623203302,21-Jun-22,789203,25891103,496,23-Jun-22,23-Jun-22,446,0,1,0,Rel Fresh,Vadodara,AM Milk 100,Dairy,92,76,70,2022-06-23
FJUN624201303,22-Jun-22,789201,25891103,314,24-Jun-22,24-Jun-22,283,0,1,0,Rel Fresh,Surat,AM Milk 100,Dairy,87,81,70,2022-06-24
FJUN625203603,24-Jun-22,789203,25891103,465,25-Jun-22,25-Jun-22,465,1,1,1,Rel Fresh,Vadodara,AM Milk 100,Dairy,92,76,70,2022-06-25
FJUN625202402,22-Jun-22,789202,25891103,500,25-Jun-22,25-Jun-22,500,1,1,1,Rel Fresh,Ahmedabad,AM Milk 100,Dairy,85,81,69,2022-06-25
FJUN627202403,25-Jun-22,789202,25891103,409,27-Jun-22,27-Jun-22,368,0,1,0,Rel Fresh,Ahmedabad,AM Milk 100,Dairy,85,81,69,2022-06-27
FJUN627203201,26-Jun-22,789203,25891103,371,27-Jun-22,27-Jun-22,371,1,1,1,Rel Fresh,Vadodara,AM Milk 100,Dairy,92,76,70,2022-06-27
FJUN628201603,25-Jun-22,789201,25891103,479,28-Jun-22,28-Jun-22,479,1,1,1,Rel Fresh,Surat,AM Milk 100,Dairy,87,81,70,2022-06-28
FJUN629201602,28-Jun-22,789201,25891103,311,29-Jun-22,28-Jun-22,311,1,1,1,Rel Fresh,Surat,AM Milk 100,Dairy,87,81,70,2022-06-28
FJUN628203103,27-Jun-22,789203,25891103,370,28-Jun-22,28-Jun-22,352,0,1,0,Rel Fresh,Vadodara,AM Milk 100,Dairy,92,76,70,2022-06-28
FJUN629203501,28-Jun-22,789203,25891103,442,29-Jun-22,29-Jun-22,442,1,1,1,Rel Fresh,Vadodara,AM Milk 100,Dairy,92,76,70,2022-06-29
FJUN630203602,27-Jun-22,789203,25891103,434,30-Jun-22,30-Jun-22,434,1,1,1,Rel Fresh,Vadodara,AM Milk 100,Dairy,92,76,70,2022-06-30
FJUL71202601,30-Jun-22,789202,25891103,376,01-Jul-22,01-Jul-22,376,1,1,1,Rel Fresh,Ahmedabad,AM Milk 100,Dairy,85,81,69,2022-07-01
FJUL71201502,28-Jun-22,789201,25891103,335,01-Jul-22,01-Jul-22,335,1,1,1,Rel Fresh,Surat,AM Milk 100,Dairy,87,81,70,2022-07-01
FJUL72202403,01-Jul-22,789202,25891103,313,02-Jul-22,02-Jul-22,313,1,1,1,Rel Fresh,Ahmedabad,AM Milk 100,Dairy,85,81,69,2022-07-02
FJUL74203501,02-Jul-22,789203,25891103,324,04-Jul-22,04-Jul-22,324,1,1,1,Rel Fresh,Vadodara,AM Milk 100,Dairy,92,76,70,2022-07-04
FJUL72201103,30-Jun-22,789201,25891103,305,02-Jul-22,04-Jul-22,305,1,0,1,Rel Fresh,Surat,AM Milk 100,Dairy,87,81,70,2022-07-04
FJUL75201103,02-Jul-22,789201,25891103,500,05-Jul-22,04-Jul-22,500,1,1,1,Rel Fresh,Surat,AM Milk 100,Dairy,87,81,70,2022-07-04
FJUL75203203,02-Jul-22,789203,25891103,310,05-Jul-22,06-Jul-22,310,1,0,1,Rel Fresh,Vadodara,AM Milk 100,Dairy,92,76,70,2022-07-06
FJUL77201503,06-Jul-22,789201,25891103,404,07-Jul-22,07-Jul-22,364,0,1,0,Rel Fresh,Surat,AM Milk 100,Dairy,87,81,70,2022-07-07
FJUL74202103,02-Jul-22,789202,25891103,448,04-Jul-22,07-Jul-22,448,1,0,1,Rel Fresh,Ahmedabad,AM Milk 100,Dairy,85,81,69,2022-07-07
FJUL76202103,03-Jul-22,789202,25891103,397,06-Jul-22,07-Jul-22,397,1,0,1,Rel Fresh,Ahmedabad,AM Milk 100,Dairy,85,81,69,2022-07-07
FJUL77202501,05-Jul-22,789202,25891103,302,07-Jul-22,07-Jul-22,302,1,1,1,Rel Fresh,Ahmedabad,AM Milk 100,Dairy,85,81,69,2022-07-07
FJUL77203302,05-Jul-22,789203,25891103,415,07-Jul-22,07-Jul-22,415,1,1,1,Rel Fresh,Vadodara,AM Milk 100,Dairy,92,76,70,2022-07-07
FJUL76201103,04-Jul-22,789201,25891103,386,06-Jul-22,08-Jul-22,309,0,0,0,Rel Fresh,Surat,AM Milk 100,Dairy,87,81,70,2022-07-08
FJUL79203501,08-Jul-22,789203,25891103,361,09-Jul-22,09-Jul-22,361,1,1,1,Rel Fresh,Vadodara,AM Milk 100,Dairy,92,76,70,2022-07-09
FJUL79201403,08-Jul-22,789201,25891103,399,09-Jul-22,09-Jul-22,399,1,1,1,Rel Fresh,Surat,AM Milk 100,Dairy,87,81,70,2022-07-09
FJUL710201601,07-Jul-22,789201,25891103,496,10-Jul-22,10-Jul-22,471,0,1,0,Rel Fresh,Surat,AM Milk 100,Dairy,87,81,70,2022-07-10
FJUL710203502,09-Jul-22,789203,25891103,403,10-Jul-22,10-Jul-22,403,1,1,1,Rel Fresh,Vadodara,AM Milk 100,Dairy,92,76,70,2022-07-10
FJUL79202103,08-Jul-22,789202,25891103,307,09-Jul-22,10-Jul-22,276,0,0,0,Rel Fresh,Ahmedabad,AM Milk 100,Dairy,85,81,69,2022-07-10
FJUL711201403,10-Jul-22,789201,25891103,400,11-Jul-22,11-Jul-22,320,0,1,0,Rel Fresh,Surat,AM Milk 100,Dairy,87,81,70,2022-07-11
FJUL711203302,10-Jul-22,789203,25891103,323,11-Jul-22,11-Jul-22,291,0,1,0,Rel Fresh,Vadodara,AM Milk 100,Dairy,92,76,70,2022-07-11
FJUL712201501,11-Jul-22,789201,25891103,381,12-Jul-22,12-Jul-22,381,1,1,1,Rel Fresh,Surat,AM Milk 100,Dairy,87,81,70,2022-07-12
FJUL712202301,09-Jul-22,789202,25891103,381,12-Jul-22,12-Jul-22,343,0,1,0,Rel Fresh,Ahmedabad,AM Milk 100,Dairy,85,81,69,2022-07-12
FJUL713202601,11-Jul-22,789202,25891103,387,13-Jul-22,13-Jul-22,387,1,1,1,Rel Fresh,Ahmedabad,AM Milk 100,Dairy,85,81,69,2022-07-13
FJUL714202602,13-Jul-22,789202,25891103,389,14-Jul-22,14-Jul-22,350,0,1,0,Rel Fresh,Ahmedabad,AM Milk 100,Dairy,85,81,69,2022-07-14
FJUL713203603,11-Jul-22,789203,25891103,489,13-Jul-22,14-Jul-22,489,1,0,1,Rel Fresh,Vadodara,AM Milk 100,Dairy,92,76,70,2022-07-14
FJUL714201103,11-Jul-22,789201,25891103,496,14-Jul-22,15-Jul-22,471,0,0,0,Rel Fresh,Surat,AM Milk 100,Dairy,87,81,70,2022-07-15
FJUL716201103,15-Jul-22,789201,25891103,410,16-Jul-22,15-Jul-22,410,1,1,1,Rel Fresh,Surat,AM Milk 100,Dairy,87,81,70,2022-07-15
FJUL715202103,12-Jul-22,789202,25891103,333,15-Jul-22,16-Jul-22,333,1,0,1,Rel Fresh,Ahmedabad,AM Milk 100,Dairy,85,81,69,2022-07-16
FJUL717203103,15-Jul-22,789203,25891103,451,17-Jul-22,17-Jul-22,451,1,1,1,Rel Fresh,Vadodara,AM Milk 100,Dairy,92,76,70,2022-07-17
FJUL717201402,14-Jul-22,789201,25891103,382,17-Jul-22,17-Jul-22,382,1,1,1,Rel Fresh,Surat,AM Milk 100,Dairy,87,81,70,2022-07-17
FJUL717202501,16-Jul-22,789202,25891103,353,17-Jul-22,17-Jul-22,353,1,1,1,Rel Fresh,Ahmedabad,AM Milk 100,Dairy,85,81,69,2022-07-17
FJUL716203103,13-Jul-22,789203,25891103,454,16-Jul-22,18-Jul-22,454,1,0,1,Rel Fresh,Vadodara,AM Milk 100,Dairy,92,76,70,2022-07-18
FJUL718201203,16-Jul-22,789201,25891103,384,18-Jul-22,18-Jul-22,384,1,1,1,Rel Fresh,Surat,AM Milk 100,Dairy,87,81,70,2022-07-18
FJUL718202103,15-Jul-22,789202,25891103,396,18-Jul-22,18-Jul-22,396,1,1,1,Rel Fresh,Ahmedabad,AM Milk 100,Dairy,85,81,69,2022-07-18
FJUL720201302,17-Jul-22,789201,25891103,444,20-Jul-22,20-Jul-22,444,1,1,1,Rel Fresh,Surat,AM Milk 100,Dairy,87,81,70,2022-07-20
FJUL719202103,18-Jul-22,789202,25891103,310,19-Jul-22,20-Jul-22,310,1,0,1,Rel Fresh,Ahmedabad,AM Milk 100,Dairy,85,81,69,2022-07-20
FJUL721202503,18-Jul-22,789202,25891103,366,21-Jul-22,21-Jul-22,366,1,1,1,Rel Fresh,Ahmedabad,AM Milk 100,Dairy,85,81,69,2022-07-21
FJUL723203601,20-Jul-22,789203,25891103,353,23-Jul-22,23-Jul-22,353,1,1,1,Rel Fresh,Vadodara,AM Milk 100,Dairy,92,76,70,2022-07-23
FJUL722202103,20-Jul-22,789202,25891103,405,22-Jul-22,23-Jul-22,405,1,0,1,Rel Fresh,Ahmedabad,AM Milk 100,Dairy,85,81,69,2022-07-23
FJUL724202302,23-Jul-22,789202,25891103,459,24-Jul-22,24-Jul-22,413,0,1,0,Rel Fresh,Ahmedabad,AM Milk 100,Dairy,85,81,69,2022-07-24
FJUL724203402,23-Jul-22,789203,25891103,494,24-Jul-22,24-Jul-22,494,1,1,1,Rel Fresh,Vadodara,AM Milk 100,Dairy,92,76,70,2022-07-24
FJUL725202601,23-Jul-22,789202,25891103,383,25-Jul-22,25-Jul-22,383,1,1,1,Rel Fresh,Ahmedabad,AM Milk 100,Dairy,85,81,69,2022-07-25
FJUL725201601,23-Jul-22,789201,25891103,469,25-Jul-22,25-Jul-22,469,1,1,1,Rel Fresh,Surat,AM Milk 100,Dairy,87,81,70,2022-07-25
FJUL726202403,25-Jul-22,789202,25891103,334,26-Jul-22,26-Jul-22,301,0,1,0,Rel Fresh,Ahmedabad,AM Milk 100,Dairy,85,81,69,2022-07-26
FJUL726201602,25-Jul-22,789201,25891103,379,26-Jul-22,26-Jul-22,379,1,1,1,Rel Fresh,Surat,AM Milk 100,Dairy,87,81,70,2022-07-26
FJUL726203403,25-Jul-22,789203,25891103,470,26-Jul-22,27-Jul-22,470,1,0,1,Rel Fresh,Vadodara,AM Milk 100,Dairy,92,76,70,2022-07-27
FJUL728203503,27-Jul-22,789203,25891103,344,28-Jul-22,28-Jul-22,344,1,1,1,Rel Fresh,Vadodara,AM Milk 100,Dairy,92,76,70,2022-07-28
FJUL729202601,28-Jul-22,789202,25891103,476,29-Jul-22,29-Jul-22,476,1,1,1,Rel Fresh,Ahmedabad,AM Milk 100,Dairy,85,81,69,2022-07-29
FJUL730201602,29-Jul-22,789201,25891103,404,30-Jul-22,30-Jul-22,404,1,1,1,Rel Fresh,Surat,AM Milk 100,Dairy,87,81,70,2022-07-30
FJUL730203401,28-Jul-22,789203,25891103,360,30-Jul-22,30-Jul-22,360,1,1,1,Rel Fresh,Vadodara,AM Milk 100,Dairy,92,76,70,2022-07-30
FJUL727203103,25-Jul-22,789203,25891103,350,27-Jul-22,30-Jul-22,350,1,0,1,Rel Fresh,Vadodara,AM Milk 100,Dairy,92,76,70,2022-07-30
FJUL731202103,28-Jul-22,789202,25891103,326,31-Jul-22,30-Jul-22,326,1,1,1,Rel Fresh,Ahmedabad,AM Milk 100,Dairy,85,81,69,2022-07-30
FAUG81202503,31-Jul-22,789202,25891103,309,01-Aug-22,01-Aug-22,309,1,1,1,Rel Fresh,Ahmedabad,AM Milk 100,Dairy,85,81,69,2022-08-01
FAUG82203502,30-Jul-22,789203,25891103,377,02-Aug-22,02-Aug-22,377,1,1,1,Rel Fresh,Vadodara,AM Milk 100,Dairy,92,76,70,2022-08-02
FJUL731201103,30-Jul-22,789201,25891103,489,31-Jul-22,02-Aug-22,489,1,0,1,Rel Fresh,Surat,AM Milk 100,Dairy,87,81,70,2022-08-02
FAUG82201402,01-Aug-22,789201,25891103,415,02-Aug-22,02-Aug-22,415,1,1,1,Rel Fresh,Surat,AM Milk 100,Dairy,87,81,70,2022-08-02
FJUL731203103,29-Jul-22,789203,25891103,364,31-Jul-22,03-Aug-22,364,1,0,1,Rel Fresh,Vadodara,AM Milk 100,Dairy,92,76,70,2022-08-03
FAUG83203603,31-Jul-22,789203,25891103,436,03-Aug-22,03-Aug-22,349,0,1,0,Rel Fresh,Vadodara,AM Milk 100,Dairy,92,76,70,2022-08-03
FAUG83201403,02-Aug-22,789201,25891103,492,03-Aug-22,03-Aug-22,394,0,1,0,Rel Fresh,Surat,AM Milk 100,Dairy,87,81,70,2022-08-03
FAUG84202501,01-Aug-22,789202,25891103,417,04-Aug-22,04-Aug-22,417,1,1,1,Rel Fresh,Ahmedabad,AM Milk 100,Dairy,85,81,69,2022-08-04
FAUG83202103,31-Jul-22,789202,25891103,491,03-Aug-22,04-Aug-22,491,1,0,1,Rel Fresh,Ahmedabad,AM Milk 100,Dairy,85,81,69,2022-08-04
FAUG85202203,03-Aug-22,789202,25891103,453,05-Aug-22,05-Aug-22,453,1,1,1,Rel Fresh,Ahmedabad,AM Milk 100,Dairy,85,81,69,2022-08-05
FAUG84203103,03-Aug-22,789203,25891103,468,04-Aug-22,06-Aug-22,468,1,0,1,Rel Fresh,Vadodara,AM Milk 100,Dairy,92,76,70,2022-08-06
FAUG85203103,04-Aug-22,789203,25891103,415,05-Aug-22,06-Aug-22,373,0,0,0,Rel Fresh,Vadodara,AM Milk 100,Dairy,92,76,70,2022-08-06
FAUG86202403,05-Aug-22,789202,25891103,353,06-Aug-22,06-Aug-22,353,1,1,1,Rel Fresh,Ahmedabad,AM Milk 100,Dairy,85,81,69,2022-08-06
FAUG87201601,04-Aug-22,789201,25891103,491,07-Aug-22,07-Aug-22,442,0,1,0,Rel Fresh,Surat,AM Milk 100,Dairy,87,81,70,2022-08-07
FAUG88202503,06-Aug-22,789202,25891103,487,08-Aug-22,08-Aug-22,487,1,1,1,Rel Fresh,Ahmedabad,AM Milk 100,Dairy,85,81,69,2022-08-08
FAUG89202602,08-Aug-22,789202,25891103,451,09-Aug-22,09-Aug-22,451,1,1,1,Rel Fresh,Ahmedabad,AM Milk 100,Dairy,85,81,69,2022-08-09
FAUG88201103,06-Aug-22,789201,25891103,442,08-Aug-22,09-Aug-22,442,1,0,1,Rel Fresh,Surat,AM Milk 100,Dairy,87,81,70,2022-08-09
FAUG89203202,06-Aug-22,789203,25891103,486,09-Aug-22,09-Aug-22,486,1,1,1,Rel Fresh,Vadodara,AM Milk 100,Dairy,92,76,70,2022-08-09
FAUG89201501,08-Aug-22,789201,25891103,371,09-Aug-22,09-Aug-22,334,0,1,0,Rel Fresh,Surat,AM Milk 100,Dairy,87,81,70,2022-08-09
FAUG810202103,09-Aug-22,789202,25891103,472,10-Aug-22,10-Aug-22,472,1,1,1,Rel Fresh,Ahmedabad,AM Milk 100,Dairy,85,81,69,2022-08-10
FAUG811203302,08-Aug-22,789203,25891103,360,11-Aug-22,11-Aug-22,360,1,1,1,Rel Fresh,Vadodara,AM Milk 100,Dairy,92,76,70,2022-08-11
FAUG811201402,09-Aug-22,789201,25891103,449,11-Aug-22,11-Aug-22,449,1,1,1,Rel Fresh,Surat,AM Milk 100,Dairy,87,81,70,2022-08-11
FAUG812202103,10-Aug-22,789202,25891103,380,12-Aug-22,12-Aug-22,304,0,1,0,Rel Fresh,Ahmedabad,AM Milk 100,Dairy,85,81,69,2022-08-12
FAUG811202103,09-Aug-22,789202,25891103,479,11-Aug-22,12-Aug-22,479,1,0,1,Rel Fresh,Ahmedabad,AM Milk 100,Dairy,85,81,69,2022-08-12
FAUG814201503,13-Aug-22,789201,25891103,438,14-Aug-22,13-Aug-22,394,0,1,0,Rel Fresh,Surat,AM Milk 100,Dairy,87,81,70,2022-08-13
FAUG813203201,11-Aug-22,789203,25891103,332,13-Aug-22,13-Aug-22,315,0,1,0,Rel Fresh,Vadodara,AM Milk 100,Dairy,92,76,70,2022-08-13
FAUG813202502,10-Aug-22,789202,25891103,493,13-Aug-22,13-Aug-22,493,1,1,1,Rel Fresh,Ahmedabad,AM Milk 100,Dairy,85,81,69,2022-08-13
FAUG815202103,13-Aug-22,789202,25891103,363,15-Aug-22,14-Aug-22,363,1,1,1,Rel Fresh,Ahmedabad,AM Milk 100,Dairy,85,81,69,2022-08-14
FAUG814202501,11-Aug-22,789202,25891103,394,14-Aug-22,14-Aug-22,374,0,1,0,Rel Fresh,Ahmedabad,AM Milk 100,Dairy,85,81,69,2022-08-14
FAUG816203603,13-Aug-22,789203,25891103,459,16-Aug-22,16-Aug-22,459,1,1,1,Rel Fresh,Vadodara,AM Milk 100,Dairy,92,76,70,2022-08-16
FAUG817203303,16-Aug-22,789203,25891103,420,17-Aug-22,17-Aug-22,399,0,1,0,Rel Fresh,Vadodara,AM Milk 100,Dairy,92,76,70,2022-08-17
FAUG817201601,14-Aug-22,789201,25891103,486,17-Aug-22,17-Aug-22,389,0,1,0,Rel Fresh,Surat,AM Milk 100,Dairy,87,81,70,2022-08-17
FAUG818203103,15-Aug-22,789203,25891103,435,18-Aug-22,18-Aug-22,435,1,1,1,Rel Fresh,Vadodara,AM Milk 100,Dairy,92,76,70,2022-08-18
FAUG818202103,15-Aug-22,789202,25891103,440,18-Aug-22,20-Aug-22,396,0,0,0,Rel Fresh,Ahmedabad,AM Milk 100,Dairy,85,81,69,2022-08-20
FAUG820202601,19-Aug-22,789202,25891103,484,20-Aug-22,20-Aug-22,484,1,1,1,Rel Fresh,Ahmedabad,AM Milk 100,Dairy,85,81,69,2022-08-20
FAUG821201601,19-Aug-22,789201,25891103,355,21-Aug-22,21-Aug-22,355,1,1,1,Rel Fresh,Surat,AM Milk 100,Dairy,87,81,70,2022-08-21
FAUG821202301,19-Aug-22,789202,25891103,491,21-Aug-22,22-Aug-22,491,1,0,1,Rel Fresh,Ahmedabad,AM Milk 100,Dairy,85,81,69,2022-08-22
FAUG822202301,19-Aug-22,789202,25891103,362,22-Aug-22,22-Aug-22,362,1,1,1,Rel Fresh,Ahmedabad,AM Milk 100,Dairy,85,81,69,2022-08-22
FAUG822203502,20-Aug-22,789203,25891103,410,22-Aug-22,22-Aug-22,369,0,1,0,Rel Fresh,Vadodara,AM Milk 100,Dairy,92,76,70,2022-08-22
FAUG820203601,17-Aug-22,789203,25891103,372,20-Aug-22,22-Aug-22,353,0,0,0,Rel Fresh,Vadodara,AM Milk 100,Dairy,92,76,70,2022-08-22
FAUG823203601,20-Aug-22,789203,25891103,395,23-Aug-22,23-Aug-22,395,1,1,1,Rel Fresh,Vadodara,AM Milk 100,Dairy,92,76,70,2022-08-23
FAUG823202103,21-Aug-22,789202,25891103,473,23-Aug-22,24-Aug-22,473,1,0,1,Rel Fresh,Ahmedabad,AM Milk 100,Dairy,85,81,69,2022-08-24
FAUG824202103,21-Aug-22,789202,25891103,407,24-Aug-22,24-Aug-22,407,1,1,1,Rel Fresh,Ahmedabad,AM Milk 100,Dairy,85,81,69,2022-08-24
FAUG824203201,22-Aug-22,789203,25891103,437,24-Aug-22,24-Aug-22,437,1,1,1,Rel Fresh,Vadodara,AM Milk 100,Dairy,92,76,70,2022-08-24
FAUG825202502,24-Aug-22,789202,25891103,481,25-Aug-22,25-Aug-22,481,1,1,1,Rel Fresh,Ahmedabad,AM Milk 100,Dairy,85,81,69,2022-08-25
FAUG826202103,25-Aug-22,789202,25891103,482,26-Aug-22,26-Aug-22,482,1,1,1,Rel Fresh,Ahmedabad,AM Milk 100,Dairy,85,81,69,2022-08-26
FAUG826203401,25-Aug-22,789203,25891103,442,26-Aug-22,26-Aug-22,442,1,1,1,Rel Fresh,Vadodara,AM Milk 100,Dairy,92,76,70,2022-08-26
FAUG826201103,23-Aug-22,789201,25891103,304,26-Aug-22,26-Aug-22,274,0,1,0,Rel Fresh,Surat,AM Milk 100,Dairy,87,81,70,2022-08-26
FAUG827201402,25-Aug-22,789201,25891103,357,27-Aug-22,27-Aug-22,357,1,1,1,Rel Fresh,Surat,AM Milk 100,Dairy,87,81,70,2022-08-27
FAUG827202401,26-Aug-22,789202,25891103,329,27-Aug-22,28-Aug-22,329,1,0,1,Rel Fresh,Ahmedabad,AM Milk 100,Dairy,85,81,69,2022-08-28
FAUG828201302,25-Aug-22,789201,25891103,390,28-Aug-22,28-Aug-22,390,1,1,1,Rel Fresh,Surat,AM Milk 100,Dairy,87,81,70,2022-08-28
FAUG827203103,25-Aug-22,789203,25891103,389,27-Aug-22,29-Aug-22,389,1,0,1,Rel Fresh,Vadodara,AM Milk 100,Dairy,92,76,70,2022-08-29
FAUG829202503,28-Aug-22,789202,25891103,467,29-Aug-22,29-Aug-22,467,1,1,1,Rel Fresh,Ahmedabad,AM Milk 100,Dairy,85,81,69,2022-08-29
FAUG829201503,26-Aug-22,789201,25891103,308,29-Aug-22,29-Aug-22,308,1,1,1,Rel Fresh,Surat,AM Milk 100,Dairy,87,81,70,2022-08-29
FAUG831201301,29-Aug-22,789201,25891103,358,31-Aug-22,31-Aug-22,358,1,1,1,Rel Fresh,Surat,AM Milk 100,Dairy,87,81,70,2022-08-31
FAUG830201103,28-Aug-22,789201,25891103,414,30-Aug-22,01-Sep-22,414,1,0,1,Rel Fresh,Surat,AM Milk 100,Dairy,87,81,70,2022-09-01
